id;content;created_at
1;../fake-data/blob/hipster.txt;2025-05-17T06:55:40
2;../fake-data/blob/hipster.txt;2025-05-17T15:01:46
3;../fake-data/blob/hipster.txt;2025-05-17T10:36:12
4;../fake-data/blob/hipster.txt;2025-05-17T01:44:29
5;../fake-data/blob/hipster.txt;2025-05-17T11:41:03
6;../fake-data/blob/hipster.txt;2025-05-17T19:59:42
7;../fake-data/blob/hipster.txt;2025-05-16T23:57:28
8;../fake-data/blob/hipster.txt;2025-05-17T15:30:38
9;../fake-data/blob/hipster.txt;2025-05-16T22:08:45
10;../fake-data/blob/hipster.txt;2025-05-17T12:46:06
