id;file_name;file_url;mime_type;file_size;uploaded_at
1;tensely bleakly pfft;though misread;why;11743;2025-05-17T11:35:01
2;sweatshop recklessly account;pace so;that furthermore;16101;2025-05-16T22:27:02
3;calculating alert;square battle;lest though cook;3136;2025-05-16T20:58:54
4;heavily nor;usefully mmm scope;or;26570;2025-05-17T03:17:26
5;likewise where;well father;jumbo zowie;14872;2025-05-17T05:38:08
6;advancement zowie;govern;gosh frenetically;20317;2025-05-17T17:47:53
7;circa uh-huh pro;babushka when censor;oddly yin bashfully;31308;2025-05-17T14:51:39
8;brightly airport;swath yahoo;unibody pointless babushka;11190;2025-05-17T05:59:10
9;drat;brr reprove nudge;adjourn solemnly;480;2025-05-17T14:52:40
10;mousse forecast;stabilise delete marvelous;uh-huh;20688;2025-05-17T11:47:44
